timestamp, x, y, z 
1.72883e+09, 0.185922, 0.871791, 0.77527
1.72883e+09, 0.187115, 0.989726, 0.781632
1.72883e+09, 0.16481, 1.28835, 0.796687
1.72883e+09, 0.0968168, 1.74007, 0.800468
1.72883e+09, -0.0121597, 2.36851, 0.796616
1.72883e+09, -0.163397, 3.13492, 0.785047
1.72883e+09, -0.301214, 3.88281, 0.769789
1.72883e+09, -0.440837, 4.6271, 0.760192
1.72883e+09, -0.593469, 5.34565, 0.760255
1.72883e+09, -0.747318, 6.0422, 0.769716
1.72883e+09, -0.892002, 6.69389, 0.770922
1.72883e+09, -1.02539, 7.30604, 0.7561
1.72883e+09, -1.16312, 7.90733, 0.731619
1.72883e+09, -1.30371, 8.52456, 0.700391
1.72883e+09, -1.43365, 9.15263, 0.677637
1.72883e+09, -1.56432, 9.7866, 0.685825
1.72883e+09, -1.68239, 10.4378, 0.714112
1.72883e+09, -1.80788, 11.1063, 0.725112
1.72883e+09, -1.93383, 11.7958, 0.714878
1.72883e+09, -2.06799, 12.514, 0.671304
1.72883e+09, -2.2136, 13.2648, 0.622879
1.72883e+09, -2.35864, 14.0308, 0.580257
1.72883e+09, -2.51333, 14.8081, 0.555654
1.72883e+09, -2.67705, 15.595, 0.549962
1.72883e+09, -2.84117, 16.3851, 0.551531
1.72883e+09, -3.0087, 17.187, 0.548324
1.72883e+09, -3.17904, 18.0077, 0.544135
1.72883e+09, -3.35087, 18.8356, 0.523584
1.72883e+09, -3.5253, 19.6799, 0.497704
1.72883e+09, -3.70811, 20.5657, 0.465138
1.72883e+09, -3.90813, 21.4813, 0.442433
1.72883e+09, -4.11603, 22.423, 0.436476
1.72883e+09, -4.32602, 23.3794, 0.447802
1.72883e+09, -4.53062, 24.3424, 0.458585
1.72883e+09, -4.73539, 25.3137, 0.465993
1.72883e+09, -4.92795, 26.2816, 0.469607
1.72883e+09, -5.12284, 27.2663, 0.463603
1.72883e+09, -5.31734, 28.2539, 0.458511
1.72883e+09, -5.52824, 29.26, 0.452068
1.72883e+09, -5.73684, 30.2712, 0.460915
1.72883e+09, -5.94995, 31.2754, 0.463987
1.72883e+09, -6.15195, 32.2823, 0.451466
1.72883e+09, -6.35725, 33.2955, 0.433176
1.72883e+09, -6.55797, 34.3224, 0.416017
1.72883e+09, -6.76568, 35.3528, 0.396588
1.72883e+09, -6.9725, 36.3927, 0.386852
1.72883e+09, -7.18131, 37.4456, 0.386569
1.72883e+09, -7.40519, 38.4962, 0.386253
1.72883e+09, -7.62548, 39.5469, 0.369821
1.72883e+09, -7.84723, 40.6037, 0.356152
1.72883e+09, -8.07156, 41.6653, 0.333878
1.72883e+09, -8.30182, 42.7266, 0.321296
1.72883e+09, -8.52375, 43.7853, 0.325083
1.72883e+09, -8.74533, 44.8506, 0.335208
1.72883e+09, -8.96811, 45.8999, 0.329616
1.72883e+09, -9.18597, 46.9573, 0.306957
1.72883e+09, -9.41057, 48.0184, 0.287528
1.72883e+09, -9.62986, 49.0807, 0.285756
1.72883e+09, -9.84399, 50.1412, 0.277411
1.72883e+09, -10.0649, 51.1961, 0.260314
1.72883e+09, -10.2887, 52.242, 0.259133
1.72883e+09, -10.5108, 53.2962, 0.261017
1.72883e+09, -10.728, 54.3395, 0.261261
1.72883e+09, -10.9418, 55.3814, 0.254244
1.72883e+09, -11.1555, 56.4328, 0.246433
1.72883e+09, -11.3681, 57.4867, 0.235496
1.72883e+09, -11.5918, 58.5488, 0.226728
1.72883e+09, -11.8124, 59.6104, 0.233372
1.72883e+09, -12.0253, 60.6803, 0.222517
1.72883e+09, -12.2424, 61.7461, 0.208358
1.72883e+09, -12.472, 62.8135, 0.203065
1.72883e+09, -12.7085, 63.8764, 0.196437
1.72883e+09, -12.9476, 64.9347, 0.198405
1.72883e+09, -13.1866, 66.0102, 0.183435
1.72883e+09, -13.4048, 67.0952, 0.163648
1.72883e+09, -13.6253, 68.1843, 0.156423
1.72883e+09, -13.8303, 69.2656, 0.162751
1.72883e+09, -14.034, 70.3364, 0.1554
1.72883e+09, -14.2407, 71.4088, 0.138352
1.72883e+09, -14.4548, 72.4849, 0.125724
1.72883e+09, -14.6775, 73.5493, 0.118209
1.72883e+09, -14.8973, 74.6131, 0.114979
1.72883e+09, -15.1078, 75.6643, 0.115812
1.72883e+09, -15.331, 76.7154, 0.101581
1.72883e+09, -15.5563, 77.7664, 0.0889436
1.72883e+09, -15.7953, 78.8197, 0.0731752
1.72883e+09, -16.0264, 79.8724, 0.0631712
1.72883e+09, -16.2458, 80.9289, 0.0563789
1.72883e+09, -16.4609, 81.977, 0.0530411
1.72883e+09, -16.6837, 83.0037, 0.038119
1.72883e+09, -16.8928, 84.0204, 0.025777
1.72883e+09, -17.1036, 85.031, 0.0129905
1.72883e+09, -17.3216, 86.0222, -0.00372961
1.72883e+09, -17.5293, 86.9937, -0.0130619
1.72883e+09, -17.7368, 87.9444, -0.0285226
1.72883e+09, -17.9384, 88.8769, -0.0423415
1.72883e+09, -18.1401, 89.7789, -0.0457726
1.72883e+09, -18.3356, 90.6564, -0.0590161
1.72883e+09, -18.5328, 91.5011, -0.0705413
1.72883e+09, -18.7248, 92.3209, -0.0834933
1.72883e+09, -18.9169, 93.1331, -0.101537
1.72883e+09, -19.1002, 93.928, -0.113838
1.72883e+09, -19.2956, 94.7034, -0.122718
1.72883e+09, -19.4869, 95.4339, -0.12884
1.72883e+09, -19.6852, 96.1394, -0.132226
1.72883e+09, -19.8701, 96.8053, -0.133071
1.72883e+09, -20.0312, 97.4308, -0.136732
1.72883e+09, -20.1842, 98.0256, -0.138972
1.72883e+09, -20.3138, 98.6045, -0.152444
1.72883e+09, -20.4408, 99.1496, -0.170112
1.72883e+09, -20.5679, 99.6671, -0.167755
1.72883e+09, -20.6728, 100.16, -0.180627
1.72883e+09, -20.7701, 100.639, -0.20199
1.72883e+09, -20.8639, 101.096, -0.204943
1.72883e+09, -20.9517, 101.536, -0.200232
1.72883e+09, -21.0216, 101.955, -0.200833
1.72883e+09, -21.0735, 102.355, -0.200269
1.72883e+09, -21.1076, 102.75, -0.207406
1.72883e+09, -21.1277, 103.144, -0.21551
1.72883e+09, -21.1284, 103.539, -0.22162
1.72883e+09, -21.1073, 103.937, -0.224144
1.72883e+09, -21.0769, 104.321, -0.232631
1.72883e+09, -21.0448, 104.694, -0.24442
1.72883e+09, -21.0084, 105.059, -0.240193
1.72883e+09, -20.9759, 105.431, -0.225043
1.72883e+09, -20.927, 105.79, -0.210212
1.72883e+09, -20.8554, 106.143, -0.207816
1.72883e+09, -20.7563, 106.479, -0.221639
1.72883e+09, -20.6329, 106.806, -0.2425
1.72883e+09, -20.4921, 107.123, -0.246729
1.72883e+09, -20.3429, 107.441, -0.244341
1.72883e+09, -20.1843, 107.766, -0.24631
1.72883e+09, -20.0299, 108.076, -0.245216
1.72883e+09, -19.8631, 108.359, -0.235335
1.72883e+09, -19.6763, 108.624, -0.243613
1.72883e+09, -19.4655, 108.887, -0.275431
1.72883e+09, -19.2327, 109.148, -0.29028
1.72883e+09, -18.9761, 109.404, -0.293042
1.72883e+09, -18.6985, 109.643, -0.285447
1.72883e+09, -18.4066, 109.875, -0.299897
1.72883e+09, -18.104, 110.097, -0.289671
1.72883e+09, -17.7863, 110.299, -0.288612
1.72883e+09, -17.4474, 110.488, -0.299081
1.72883e+09, -17.0937, 110.671, -0.319786
1.72883e+09, -16.7159, 110.855, -0.356646
1.72883e+09, -16.3396, 111.049, -0.381136
1.72883e+09, -15.9837, 111.23, -0.388258
1.72883e+09, -15.6219, 111.435, -0.380288
1.72883e+09, -15.2474, 111.672, -0.365279
1.72883e+09, -14.8493, 111.92, -0.366175
1.72883e+09, -14.4324, 112.176, -0.386296
1.72883e+09, -13.991, 112.39, -0.399679
1.72883e+09, -13.5071, 112.572, -0.407931
1.72883e+09, -12.9857, 112.701, -0.391723
1.72883e+09, -12.419, 112.795, -0.386033
1.72883e+09, -11.8433, 112.883, -0.403703
1.72883e+09, -11.2378, 112.989, -0.446233
1.72883e+09, -10.6129, 113.103, -0.473598
1.72883e+09, -9.98382, 113.217, -0.478641
1.72883e+09, -9.32602, 113.342, -0.453544
1.72883e+09, -8.65557, 113.444, -0.443525
1.72883e+09, -7.9707, 113.53, -0.446892
1.72883e+09, -7.2621, 113.602, -0.458244
1.72883e+09, -6.53144, 113.668, -0.463072
1.72883e+09, -5.78796, 113.741, -0.456452
1.72883e+09, -5.02982, 113.82, -0.469752
1.72883e+09, -4.25225, 113.912, -0.474799
1.72883e+09, -3.4697, 114.009, -0.477037
1.72883e+09, -2.68092, 114.113, -0.497046
1.72883e+09, -1.89021, 114.203, -0.518811
1.72883e+09, -1.08405, 114.297, -0.528159
1.72883e+09, -0.264899, 114.395, -0.541953
1.72883e+09, 0.561745, 114.502, -0.550361
1.72883e+09, 1.40091, 114.605, -0.552772
1.72883e+09, 2.24551, 114.712, -0.560349
1.72883e+09, 3.10334, 114.807, -0.574515
1.72883e+09, 3.96279, 114.918, -0.586382
1.72883e+09, 4.81529, 115.041, -0.590514
1.72883e+09, 5.66322, 115.154, -0.612925
1.72883e+09, 6.5039, 115.279, -0.642686
1.72883e+09, 7.33043, 115.363, -0.652454
1.72883e+09, 8.16481, 115.446, -0.631038
1.72883e+09, 8.99405, 115.526, -0.620381
1.72883e+09, 9.81413, 115.619, -0.631617
1.72883e+09, 10.6429, 115.723, -0.654269
1.72883e+09, 11.4821, 115.834, -0.669287
1.72883e+09, 12.3161, 115.94, -0.659134
1.72883e+09, 13.1308, 116.028, -0.654194
1.72883e+09, 13.9428, 116.116, -0.662384
1.72883e+09, 14.7451, 116.197, -0.680459
1.72883e+09, 15.5357, 116.275, -0.695557
1.72883e+09, 16.3174, 116.359, -0.715701
1.72883e+09, 17.1149, 116.447, -0.728066
1.72883e+09, 17.9154, 116.541, -0.734061
1.72883e+09, 18.7074, 116.637, -0.740208
1.72883e+09, 19.5057, 116.746, -0.734795
1.72883e+09, 20.2864, 116.849, -0.732971
1.72883e+09, 21.0761, 116.923, -0.736963
1.72883e+09, 21.8592, 116.976, -0.741976
1.72883e+09, 22.6252, 117.052, -0.744716
1.72883e+09, 23.3773, 117.126, -0.745028
1.72883e+09, 24.1156, 117.196, -0.756506
1.72883e+09, 24.8405, 117.26, -0.774123
1.72883e+09, 25.5511, 117.307, -0.788992
1.72883e+09, 26.2483, 117.351, -0.787347
1.72883e+09, 26.9343, 117.413, -0.779922
1.72883e+09, 27.6134, 117.477, -0.786763
1.72883e+09, 28.2852, 117.543, -0.802492
1.72883e+09, 28.9521, 117.613, -0.814669
1.72883e+09, 29.6202, 117.692, -0.812088
1.72883e+09, 30.2895, 117.783, -0.804081
1.72883e+09, 30.9491, 117.868, -0.806396
1.72883e+09, 31.6115, 117.941, -0.816132
1.72883e+09, 32.2777, 117.997, -0.813077
1.72883e+09, 32.9579, 118.042, -0.81862
1.72883e+09, 33.6497, 118.084, -0.803538
1.72883e+09, 34.334, 118.118, -0.804882
1.72883e+09, 35.0193, 118.159, -0.813261
1.72883e+09, 35.6886, 118.21, -0.821636
1.72883e+09, 36.3638, 118.268, -0.834885
1.72883e+09, 37.0431, 118.319, -0.839701
1.72883e+09, 37.7336, 118.369, -0.841838
1.72883e+09, 38.4334, 118.411, -0.853109
1.72883e+09, 39.1551, 118.437, -0.875796
1.72883e+09, 39.8784, 118.456, -0.88374
1.72883e+09, 40.6034, 118.478, -0.893782
1.72883e+09, 41.3324, 118.495, -0.891896
1.72883e+09, 42.0719, 118.507, -0.898274
1.72883e+09, 42.8122, 118.498, -0.892017
1.72883e+09, 43.5731, 118.496, -0.897261
1.72883e+09, 44.3435, 118.515, -0.901529
1.72883e+09, 45.1187, 118.551, -0.923414
1.72883e+09, 45.8943, 118.59, -0.945711
1.72883e+09, 46.6517, 118.628, -0.94318
1.72883e+09, 47.3963, 118.66, -0.933013
1.72883e+09, 48.1255, 118.68, -0.932579
1.72883e+09, 48.8483, 118.698, -0.948139
1.72883e+09, 49.5862, 118.714, -0.949035
1.72883e+09, 50.3489, 118.729, -0.953214
1.72883e+09, 51.1155, 118.748, -0.952443
1.72883e+09, 51.8922, 118.769, -0.955283
1.72883e+09, 52.6571, 118.793, -0.956617
1.72883e+09, 53.4179, 118.824, -0.964662
1.72883e+09, 54.1933, 118.843, -0.973044
1.72883e+09, 54.9774, 118.85, -0.993261
1.72883e+09, 55.7689, 118.865, -1.00073
1.72883e+09, 56.5651, 118.872, -1.02074
1.72883e+09, 57.3709, 118.873, -1.03079
1.72883e+09, 58.1782, 118.879, -1.04701
1.72883e+09, 58.998, 118.888, -1.05429
1.72883e+09, 59.8258, 118.909, -1.05896
1.72883e+09, 60.6392, 118.91, -1.05197
1.72883e+09, 61.4653, 118.904, -1.05577
1.72883e+09, 62.3032, 118.897, -1.05176
1.72883e+09, 63.1334, 118.897, -1.04347
1.72883e+09, 63.9722, 118.913, -1.04287
1.72883e+09, 64.8292, 118.922, -1.05205
1.72883e+09, 65.6913, 118.919, -1.06966
1.72883e+09, 66.5373, 118.92, -1.08948
1.72883e+09, 67.4079, 118.923, -1.10557
1.72883e+09, 68.2692, 118.923, -1.11537
1.72883e+09, 69.1299, 118.934, -1.124
1.72883e+09, 69.9924, 118.946, -1.10442
1.72883e+09, 70.8644, 118.968, -1.08502
1.72883e+09, 71.7469, 118.989, -1.0869
1.72883e+09, 72.621, 118.996, -1.10222
1.72883e+09, 73.4865, 119.015, -1.11241
1.72883e+09, 74.3465, 119.044, -1.1084
1.72883e+09, 75.2098, 119.067, -1.11503
1.72883e+09, 76.0699, 119.092, -1.12744
1.72883e+09, 76.9331, 119.123, -1.12336
1.72883e+09, 77.8055, 119.142, -1.11881
1.72883e+09, 78.68, 119.165, -1.10153
1.72883e+09, 79.5288, 119.196, -1.10945
1.72883e+09, 80.3843, 119.237, -1.1263
1.72883e+09, 81.2433, 119.276, -1.1425
1.72883e+09, 82.0994, 119.31, -1.13281
1.72883e+09, 82.9391, 119.332, -1.13099
1.72883e+09, 83.7824, 119.35, -1.14119
1.72883e+09, 84.6123, 119.376, -1.14552
1.72883e+09, 85.4442, 119.398, -1.14571
1.72883e+09, 86.2821, 119.416, -1.13157
1.72883e+09, 87.1021, 119.433, -1.1218
1.72883e+09, 87.9307, 119.452, -1.11254
1.72883e+09, 88.7636, 119.477, -1.10583
1.72883e+09, 89.5824, 119.504, -1.09874
1.72883e+09, 90.3959, 119.517, -1.08826
1.72883e+09, 91.1973, 119.53, -1.07168
1.72883e+09, 92.0022, 119.522, -1.05627
1.72883e+09, 92.8022, 119.521, -1.05487
1.72883e+09, 93.5797, 119.514, -1.04948
1.72883e+09, 94.343, 119.507, -1.03512
1.72883e+09, 95.0874, 119.503, -1.01072
1.72883e+09, 95.8354, 119.502, -1.00685
1.72883e+09, 96.5899, 119.506, -1.01164
1.72883e+09, 97.3659, 119.511, -1.01548
1.72883e+09, 98.1435, 119.523, -0.998768
1.72883e+09, 98.9123, 119.52, -0.96352
1.72883e+09, 99.6654, 119.511, -0.94006
1.72883e+09, 100.405, 119.489, -0.932119
1.72883e+09, 101.16, 119.448, -0.922255
1.72883e+09, 101.916, 119.402, -0.91013
1.72883e+09, 102.668, 119.37, -0.909748
1.72883e+09, 103.42, 119.348, -0.911705
1.72883e+09, 104.181, 119.324, -0.90525
1.72883e+09, 104.935, 119.296, -0.880324
1.72883e+09, 105.684, 119.271, -0.850598
1.72883e+09, 106.425, 119.24, -0.812403
1.72883e+09, 107.16, 119.214, -0.787474
1.72883e+09, 107.889, 119.182, -0.76838
1.72883e+09, 108.6, 119.137, -0.74239
1.72883e+09, 109.311, 119.061, -0.733999
1.72883e+09, 110.021, 118.976, -0.728682
1.72883e+09, 110.742, 118.864, -0.718189
1.72883e+09, 111.459, 118.75, -0.691962
1.72883e+09, 112.181, 118.629, -0.678654
1.72883e+09, 112.908, 118.498, -0.656997
1.72883e+09, 113.621, 118.366, -0.645141
1.72883e+09, 114.335, 118.224, -0.642978
1.72883e+09, 115.043, 118.087, -0.649337
1.72883e+09, 115.75, 117.959, -0.658842
1.72883e+09, 116.44, 117.838, -0.652886
1.72883e+09, 117.137, 117.719, -0.623289
1.72883e+09, 117.833, 117.6, -0.607267
1.72883e+09, 118.52, 117.47, -0.598328
1.72883e+09, 119.205, 117.343, -0.592101
1.72883e+09, 119.867, 117.224, -0.597853
1.72883e+09, 120.527, 117.116, -0.601863
1.72883e+09, 121.174, 117.009, -0.589108
1.72883e+09, 121.826, 116.908, -0.574755
1.72883e+09, 122.482, 116.802, -0.568634
1.72883e+09, 123.146, 116.711, -0.563814
1.72883e+09, 123.796, 116.625, -0.563118
1.72883e+09, 124.433, 116.547, -0.563419
1.72883e+09, 125.078, 116.471, -0.563047
1.72883e+09, 125.708, 116.392, -0.57167
1.72883e+09, 126.339, 116.318, -0.564439
1.72883e+09, 126.96, 116.251, -0.547699
1.72883e+09, 127.562, 116.195, -0.53771
1.72883e+09, 128.153, 116.131, -0.531938
1.72883e+09, 128.719, 116.089, -0.522667
1.72883e+09, 129.281, 116.047, -0.524051
1.72883e+09, 129.842, 116.014, -0.537286
1.72883e+09, 130.423, 115.995, -0.545358
1.72883e+09, 131.018, 115.974, -0.550638
1.72883e+09, 131.621, 115.964, -0.540833
1.72883e+09, 132.21, 115.953, -0.538785
1.72883e+09, 132.791, 115.959, -0.547064
1.72883e+09, 133.377, 115.977, -0.541136
1.72883e+09, 133.94, 116.023, -0.519201
1.72883e+09, 134.467, 116.082, -0.50943
1.72883e+09, 134.982, 116.172, -0.505834
1.72883e+09, 135.492, 116.275, -0.501912
1.72883e+09, 136.014, 116.395, -0.506543
1.72883e+09, 136.529, 116.517, -0.512417
1.72883e+09, 137.06, 116.603, -0.510929
1.72883e+09, 137.595, 116.649, -0.50292
1.72883e+09, 138.131, 116.646, -0.482096
1.72883e+09, 138.689, 116.643, -0.462402
1.72883e+09, 139.251, 116.636, -0.451162
1.72883e+09, 139.802, 116.616, -0.443716
1.72883e+09, 140.349, 116.585, -0.455847
1.72883e+09, 140.878, 116.579, -0.46775
1.72883e+09, 141.408, 116.594, -0.475724
1.72883e+09, 141.944, 116.635, -0.482774
1.72883e+09, 142.478, 116.683, -0.484314
1.72883e+09, 143.004, 116.721, -0.471938
1.72883e+09, 143.507, 116.75, -0.472545
1.72883e+09, 144.007, 116.794, -0.478348
1.72883e+09, 144.497, 116.862, -0.468518
1.72883e+09, 144.996, 116.923, -0.472702
1.72883e+09, 145.502, 116.978, -0.486173
1.72883e+09, 146.015, 117.037, -0.507711
1.72883e+09, 146.514, 117.087, -0.512266
1.72883e+09, 147.004, 117.114, -0.506167
1.72883e+09, 147.488, 117.115, -0.491066
1.72883e+09, 147.981, 117.084, -0.485121
1.72883e+09, 148.443, 117.035, -0.47698
1.72883e+09, 148.909, 116.976, -0.475841
1.72883e+09, 149.382, 116.929, -0.49009
1.72883e+09, 149.874, 116.877, -0.521891
1.72883e+09, 150.383, 116.835, -0.544327
1.72883e+09, 150.923, 116.816, -0.552003
1.72883e+09, 151.461, 116.803, -0.548925
1.72883e+09, 152.025, 116.819, -0.527817
1.72883e+09, 152.596, 116.846, -0.509056
1.72883e+09, 153.147, 116.881, -0.504099
1.72883e+09, 153.708, 116.911, -0.508295
1.72883e+09, 154.296, 116.942, -0.50437
1.72883e+09, 154.901, 116.962, -0.505415
1.72883e+09, 155.498, 116.963, -0.515757
1.72883e+09, 156.087, 116.951, -0.525968
1.72883e+09, 156.664, 116.91, -0.525047
1.72883e+09, 157.256, 116.848, -0.526928
1.72883e+09, 157.842, 116.804, -0.503002
1.72883e+09, 158.428, 116.755, -0.480886
1.72883e+09, 159.009, 116.726, -0.479619
1.72883e+09, 159.569, 116.707, -0.491695
1.72883e+09, 160.131, 116.672, -0.492234
1.72883e+09, 160.693, 116.64, -0.509864
1.72883e+09, 161.243, 116.609, -0.51658
1.72883e+09, 161.806, 116.581, -0.507298
1.72883e+09, 162.365, 116.57, -0.501057
1.72883e+09, 162.919, 116.566, -0.500078
1.72883e+09, 163.45, 116.56, -0.501168
1.72883e+09, 163.963, 116.565, -0.514848
1.72883e+09, 164.456, 116.564, -0.530272
1.72883e+09, 164.94, 116.553, -0.534134
1.72883e+09, 165.417, 116.545, -0.528614
1.72883e+09, 165.868, 116.541, -0.510878
1.72883e+09, 166.285, 116.568, -0.496602
1.72883e+09, 166.675, 116.593, -0.48257
1.72883e+09, 167.066, 116.629, -0.477069
1.72883e+09, 167.457, 116.688, -0.488788
1.72883e+09, 167.867, 116.76, -0.501329
1.72883e+09, 168.283, 116.847, -0.51129
1.72883e+09, 168.697, 116.943, -0.51652
1.72883e+09, 169.111, 117.052, -0.504346
1.72883e+09, 169.49, 117.174, -0.507641
1.72883e+09, 169.848, 117.317, -0.532036
1.72883e+09, 170.186, 117.467, -0.55528
1.72883e+09, 170.533, 117.589, -0.566571
1.72883e+09, 170.886, 117.716, -0.573602
1.72883e+09, 171.239, 117.853, -0.582467
1.72883e+09, 171.591, 118.02, -0.591316
1.72883e+09, 171.935, 118.2, -0.601758
1.72883e+09, 172.286, 118.418, -0.614234
1.72883e+09, 172.632, 118.663, -0.631579
1.72883e+09, 172.949, 118.949, -0.653652
1.72883e+09, 173.253, 119.249, -0.67459
1.72883e+09, 173.562, 119.538, -0.694195
1.72883e+09, 173.873, 119.828, -0.705268
1.72883e+09, 174.204, 120.124, -0.703862
1.72883e+09, 174.527, 120.447, -0.697704
1.72883e+09, 174.816, 120.803, -0.686697
1.72883e+09, 175.068, 121.209, -0.701984
1.72883e+09, 175.313, 121.651, -0.732956
1.72883e+09, 175.536, 122.104, -0.7383
1.72883e+09, 175.748, 122.576, -0.730063
1.72883e+09, 175.956, 123.075, -0.732968
1.72883e+09, 176.166, 123.599, -0.738268
1.72883e+09, 176.359, 124.142, -0.757139
1.72883e+09, 176.523, 124.707, -0.787426
1.72883e+09, 176.661, 125.303, -0.814963
1.72883e+09, 176.789, 125.915, -0.845189
1.72883e+09, 176.904, 126.546, -0.872245
1.72883e+09, 177.006, 127.19, -0.896128
1.72883e+09, 177.11, 127.867, -0.926197
1.72883e+09, 177.219, 128.568, -0.947197
1.72883e+09, 177.324, 129.288, -0.963089
1.72883e+09, 177.437, 130.024, -0.994034
1.72883e+09, 177.546, 130.778, -1.01467
1.72883e+09, 177.636, 131.542, -1.03963
1.72883e+09, 177.702, 132.321, -1.0702
1.72883e+09, 177.754, 133.128, -1.10252
1.72883e+09, 177.807, 133.933, -1.13412
1.72883e+09, 177.853, 134.751, -1.16121
1.72883e+09, 177.907, 135.582, -1.18471
1.72883e+09, 177.964, 136.414, -1.20069
1.72883e+09, 178.03, 137.269, -1.21257
1.72883e+09, 178.105, 138.151, -1.22857
1.72883e+09, 178.168, 139.027, -1.25837
1.72883e+09, 178.23, 139.931, -1.30454
1.72883e+09, 178.292, 140.827, -1.35193
1.72883e+09, 178.348, 141.739, -1.38283
1.72883e+09, 178.413, 142.662, -1.4052
1.72883e+09, 178.483, 143.586, -1.42111
1.72883e+09, 178.555, 144.513, -1.44306
1.72883e+09, 178.63, 145.431, -1.4732
1.72883e+09, 178.696, 146.355, -1.51713
1.72883e+09, 178.755, 147.274, -1.5514
1.72883e+09, 178.823, 148.193, -1.57192
1.72883e+09, 178.881, 149.125, -1.58794
1.72883e+09, 178.94, 150.056, -1.60085
1.72883e+09, 178.99, 150.965, -1.61869
1.72883e+09, 179.034, 151.861, -1.66044
1.72883e+09, 179.083, 152.75, -1.70061
1.72883e+09, 179.13, 153.647, -1.7325
1.72883e+09, 179.185, 154.549, -1.7606
1.72883e+09, 179.252, 155.467, -1.78119
1.72883e+09, 179.319, 156.371, -1.80531
1.72883e+09, 179.37, 157.295, -1.83458
1.72883e+09, 179.416, 158.239, -1.86662
1.72883e+09, 179.475, 159.177, -1.89535
1.72883e+09, 179.522, 160.104, -1.92129
1.72883e+09, 179.566, 161.023, -1.94608
1.72883e+09, 179.611, 161.904, -1.97109
1.72883e+09, 179.651, 162.78, -1.98834
1.72883e+09, 179.69, 163.66, -2.02012
1.72883e+09, 179.716, 164.543, -2.04889
1.72883e+09, 179.747, 165.411, -2.09194
1.72883e+09, 179.782, 166.26, -2.11334
1.72883e+09, 179.819, 167.096, -2.12403
1.72883e+09, 179.851, 167.905, -2.12303
1.72883e+09, 179.875, 168.701, -2.14674
1.72883e+09, 179.896, 169.476, -2.18329
1.72883e+09, 179.912, 170.233, -2.21627
1.72883e+09, 179.92, 170.983, -2.24645
1.72883e+09, 179.924, 171.717, -2.26804
1.72883e+09, 179.912, 172.412, -2.28664
1.72883e+09, 179.893, 173.082, -2.29552
1.72883e+09, 179.894, 173.714, -2.30976
1.72883e+09, 179.915, 174.305, -2.32026
1.72883e+09, 179.937, 174.884, -2.34324
1.72883e+09, 179.955, 175.459, -2.36523
1.72883e+09, 179.959, 176.008, -2.38173
1.72883e+09, 179.961, 176.53, -2.39494
1.72883e+09, 179.956, 177.03, -2.40832
1.72883e+09, 179.956, 177.503, -2.41518
1.72883e+09, 179.961, 177.966, -2.42785
1.72883e+09, 179.96, 178.435, -2.4448
1.72883e+09, 179.929, 178.904, -2.45559
1.72883e+09, 179.883, 179.377, -2.4644
1.72883e+09, 179.839, 179.837, -2.48306
1.72883e+09, 179.793, 180.279, -2.49123
1.72883e+09, 179.736, 180.723, -2.49421
1.72883e+09, 179.665, 181.172, -2.50718
1.72883e+09, 179.59, 181.608, -2.51823
1.72883e+09, 179.489, 182.028, -2.53299
1.72883e+09, 179.357, 182.449, -2.54053
1.72883e+09, 179.205, 182.858, -2.5453
1.72883e+09, 179.044, 183.251, -2.5416
1.72883e+09, 178.87, 183.636, -2.5415
1.72883e+09, 178.691, 184.007, -2.54176
1.72883e+09, 178.5, 184.369, -2.5757
1.72883e+09, 178.284, 184.72, -2.60656
1.72883e+09, 178.062, 185.056, -2.62766
1.72883e+09, 177.824, 185.372, -2.6374
1.72883e+09, 177.565, 185.688, -2.64418
1.72883e+09, 177.292, 185.983, -2.63975
1.72883e+09, 177.002, 186.248, -2.63137
1.72883e+09, 176.697, 186.488, -2.62234
1.72883e+09, 176.383, 186.708, -2.62987
1.72883e+09, 176.065, 186.901, -2.66101
1.72883e+09, 175.738, 187.078, -2.68921
1.72883e+09, 175.408, 187.229, -2.70299
1.72883e+09, 175.056, 187.366, -2.70537
1.72883e+09, 174.697, 187.5, -2.7018
1.72883e+09, 174.337, 187.623, -2.67279
1.72883e+09, 173.974, 187.714, -2.64166
1.72883e+09, 173.617, 187.77, -2.63444
1.72883e+09, 173.273, 187.792, -2.67097
1.72883e+09, 172.94, 187.791, -2.69588
1.72883e+09, 172.598, 187.782, -2.69555
1.72883e+09, 172.249, 187.771, -2.68965
1.72883e+09, 171.904, 187.757, -2.69954
1.72883e+09, 171.558, 187.727, -2.72183
1.72883e+09, 171.201, 187.686, -2.74867
1.72883e+09, 170.841, 187.653, -2.73745
1.72883e+09, 170.474, 187.611, -2.71685
1.72883e+09, 170.101, 187.564, -2.71272
1.72883e+09, 169.719, 187.498, -2.73309
1.72883e+09, 169.317, 187.418, -2.7387
1.72883e+09, 168.908, 187.338, -2.72354
1.72883e+09, 168.466, 187.239, -2.70562
1.72883e+09, 167.983, 187.124, -2.69647
1.72883e+09, 167.465, 186.985, -2.69385
1.72883e+09, 166.925, 186.83, -2.69273
1.72883e+09, 166.373, 186.645, -2.70022
1.72883e+09, 165.801, 186.441, -2.70492
1.72883e+09, 165.224, 186.229, -2.697
1.72883e+09, 164.665, 186.04, -2.69207
1.72883e+09, 164.101, 185.871, -2.68767
1.72883e+09, 163.51, 185.69, -2.69048
1.72883e+09, 162.898, 185.49, -2.69003
1.72883e+09, 162.256, 185.273, -2.69595
1.72883e+09, 161.596, 185.053, -2.70078
1.72883e+09, 160.909, 184.827, -2.71874
1.72883e+09, 160.194, 184.606, -2.72631
1.72883e+09, 159.463, 184.395, -2.72516
1.72883e+09, 158.709, 184.179, -2.72969
1.72883e+09, 157.932, 183.949, -2.72879
1.72883e+09, 157.132, 183.717, -2.72849
1.72883e+09, 156.323, 183.492, -2.7268
1.72883e+09, 155.496, 183.273, -2.72564
1.72883e+09, 154.651, 183.051, -2.73455
1.72883e+09, 153.782, 182.828, -2.735
1.72883e+09, 152.914, 182.637, -2.74561
1.72883e+09, 152.047, 182.454, -2.73699
1.72883e+09, 151.152, 182.271, -2.72231
1.72883e+09, 150.257, 182.074, -2.71359
1.72883e+09, 149.369, 181.879, -2.71049
1.72883e+09, 148.479, 181.69, -2.7124
1.72883e+09, 147.591, 181.524, -2.71276
1.72883e+09, 146.69, 181.37, -2.72161
1.72883e+09, 145.799, 181.224, -2.722
1.72883e+09, 144.912, 181.081, -2.71968
1.72883e+09, 144.015, 180.936, -2.71817
1.72883e+09, 143.132, 180.786, -2.71825
1.72883e+09, 142.255, 180.627, -2.71082
1.72883e+09, 141.378, 180.458, -2.70268
1.72883e+09, 140.504, 180.275, -2.70236
1.72883e+09, 139.619, 180.096, -2.69205
1.72883e+09, 138.74, 179.922, -2.68434
1.72883e+09, 137.853, 179.746, -2.68602
1.72883e+09, 136.954, 179.567, -2.69682
1.72883e+09, 136.046, 179.407, -2.69939
1.72883e+09, 135.145, 179.258, -2.68978
1.72883e+09, 134.269, 179.098, -2.67327
1.72883e+09, 133.404, 178.93, -2.67038
1.72883e+09, 132.532, 178.766, -2.67532
1.72883e+09, 131.652, 178.602, -2.68449
1.72883e+09, 130.773, 178.446, -2.68516
1.72883e+09, 129.88, 178.301, -2.68511
1.72883e+09, 128.98, 178.144, -2.68689
1.72883e+09, 128.08, 177.985, -2.69119
1.72883e+09, 127.2, 177.825, -2.69944
1.72883e+09, 126.325, 177.664, -2.70333
1.72883e+09, 125.463, 177.514, -2.70218
1.72883e+09, 124.606, 177.375, -2.69615
1.72883e+09, 123.75, 177.23, -2.69613
1.72883e+09, 122.895, 177.083, -2.70273
1.72883e+09, 122.034, 176.938, -2.69801
1.72883e+09, 121.181, 176.807, -2.69655
1.72883e+09, 120.33, 176.671, -2.68205
1.72883e+09, 119.462, 176.522, -2.67365
1.72883e+09, 118.577, 176.366, -2.66936
1.72883e+09, 117.685, 176.21, -2.67727
1.72883e+09, 116.781, 176.066, -2.67657
1.72883e+09, 115.885, 175.914, -2.67811
1.72883e+09, 114.989, 175.761, -2.67481
1.72883e+09, 114.088, 175.611, -2.67641
1.72883e+09, 113.179, 175.472, -2.68686
1.72883e+09, 112.263, 175.332, -2.67368
1.72883e+09, 111.365, 175.182, -2.66568
1.72883e+09, 110.474, 175.036, -2.66591
1.72883e+09, 109.571, 174.889, -2.6716
1.72883e+09, 108.648, 174.743, -2.67716
1.72883e+09, 107.727, 174.601, -2.6846
1.72883e+09, 106.802, 174.447, -2.67802
1.72883e+09, 105.867, 174.301, -2.67638
1.72883e+09, 104.935, 174.148, -2.67343
1.72883e+09, 104.005, 173.979, -2.67025
1.72883e+09, 103.065, 173.802, -2.67616
1.72883e+09, 102.13, 173.606, -2.68294
1.72883e+09, 101.185, 173.408, -2.68661
1.72883e+09, 100.233, 173.218, -2.68768
1.72883e+09, 99.2849, 173.023, -2.6805
1.72883e+09, 98.3366, 172.834, -2.66541
1.72883e+09, 97.3774, 172.646, -2.65641
1.72883e+09, 96.4267, 172.442, -2.65411
1.72883e+09, 95.4665, 172.235, -2.65266
1.72883e+09, 94.4956, 172.032, -2.65437
1.72883e+09, 93.531, 171.824, -2.66103
1.72883e+09, 92.5548, 171.617, -2.65927
1.72883e+09, 91.5851, 171.401, -2.64159
1.72883e+09, 90.6193, 171.201, -2.62806
1.72883e+09, 89.6533, 170.997, -2.6254
1.72883e+09, 88.7024, 170.8, -2.61569
1.72883e+09, 87.7523, 170.602, -2.60982
1.72883e+09, 86.7888, 170.403, -2.60501
1.72883e+09, 85.8327, 170.206, -2.61521
1.72883e+09, 84.8863, 170.009, -2.63187
1.72883e+09, 83.9328, 169.804, -2.63471
1.72883e+09, 82.9695, 169.603, -2.64054
1.72883e+09, 82.0053, 169.393, -2.63331
1.72883e+09, 81.0294, 169.17, -2.62495
1.72883e+09, 80.0676, 168.95, -2.62521
1.72883e+09, 79.1047, 168.742, -2.61993
1.72883e+09, 78.1491, 168.538, -2.615
1.72883e+09, 77.1925, 168.346, -2.61062
1.72883e+09, 76.2325, 168.161, -2.60678
1.72883e+09, 75.2719, 167.977, -2.60702
1.72883e+09, 74.3211, 167.791, -2.6192
1.72883e+09, 73.3659, 167.586, -2.62102
1.72883e+09, 72.4137, 167.378, -2.61165
1.72883e+09, 71.4621, 167.155, -2.59942
1.72883e+09, 70.5101, 166.934, -2.59288
1.72883e+09, 69.5554, 166.733, -2.59226
1.72883e+09, 68.5848, 166.526, -2.59599
1.72883e+09, 67.6225, 166.315, -2.59468
1.72883e+09, 66.6775, 166.109, -2.58229
1.72883e+09, 65.7444, 165.898, -2.5699
1.72883e+09, 64.8208, 165.686, -2.57273
1.72883e+09, 63.8829, 165.485, -2.58498
1.72883e+09, 62.9375, 165.285, -2.57739
1.72883e+09, 61.9987, 165.092, -2.57708
1.72883e+09, 61.049, 164.911, -2.56627
1.72883e+09, 60.0901, 164.73, -2.56598
1.72883e+09, 59.1235, 164.543, -2.56757
1.72883e+09, 58.1623, 164.352, -2.56827
1.72883e+09, 57.2012, 164.159, -2.56001
1.72883e+09, 56.2416, 163.971, -2.55545
1.72883e+09, 55.2762, 163.786, -2.55009
1.72883e+09, 54.3154, 163.609, -2.56983
1.72883e+09, 53.3587, 163.435, -2.58929
1.72883e+09, 52.3837, 163.273, -2.59556
1.72883e+09, 51.4193, 163.094, -2.59527
1.72883e+09, 50.4473, 162.903, -2.57547
1.72883e+09, 49.474, 162.721, -2.56325
1.72883e+09, 48.4924, 162.55, -2.57557
1.72883e+09, 47.5341, 162.357, -2.59169
1.72883e+09, 46.5664, 162.165, -2.60618
1.72883e+09, 45.6119, 161.975, -2.6079
1.72883e+09, 44.6678, 161.799, -2.58448
1.72883e+09, 43.7166, 161.621, -2.57943
1.72883e+09, 42.7439, 161.445, -2.5895
1.72883e+09, 41.7587, 161.266, -2.61771
1.72883e+09, 40.7605, 161.091, -2.62827
1.72883e+09, 39.7616, 160.915, -2.60567
1.72883e+09, 38.7701, 160.728, -2.58959
1.72883e+09, 37.7963, 160.536, -2.59229
1.72883e+09, 36.8192, 160.338, -2.60317
1.72883e+09, 35.8449, 160.145, -2.61306
1.72883e+09, 34.865, 159.945, -2.62001
1.72883e+09, 33.8813, 159.735, -2.62285
1.72883e+09, 32.8945, 159.524, -2.61808
1.72883e+09, 31.9031, 159.308, -2.61339
1.72883e+09, 30.9146, 159.084, -2.62072
1.72883e+09, 29.9356, 158.855, -2.62883
1.72883e+09, 28.9615, 158.627, -2.64408
1.72883e+09, 27.982, 158.404, -2.64426
1.72883e+09, 27.0071, 158.195, -2.63407
1.72883e+09, 26.032, 157.986, -2.62978
1.72883e+09, 25.0521, 157.78, -2.63446
1.72883e+09, 24.0773, 157.574, -2.63826
1.72883e+09, 23.0972, 157.35, -2.64704
1.72883e+09, 22.115, 157.124, -2.64236
1.72883e+09, 21.1159, 156.907, -2.63982
1.72883e+09, 20.1329, 156.691, -2.63156
1.72883e+09, 19.1552, 156.462, -2.62506
1.72883e+09, 18.1874, 156.235, -2.62531
1.72883e+09, 17.2144, 155.996, -2.62468
1.72883e+09, 16.2551, 155.76, -2.61519
1.72883e+09, 15.2899, 155.518, -2.60644
1.72883e+09, 14.3285, 155.279, -2.61449
1.72883e+09, 13.3725, 155.049, -2.62222
1.72883e+09, 12.4154, 154.821, -2.63065
1.72883e+09, 11.4617, 154.605, -2.64963
1.72883e+09, 10.5096, 154.371, -2.64741
1.72883e+09, 9.57408, 154.144, -2.62198
1.72883e+09, 8.66532, 153.914, -2.60054
1.72883e+09, 7.75449, 153.678, -2.59171
1.72883e+09, 6.84645, 153.452, -2.60583
1.72883e+09, 5.92273, 153.223, -2.62108
1.72883e+09, 4.99327, 152.985, -2.62164
1.72883e+09, 4.06671, 152.742, -2.611
1.72883e+09, 3.14353, 152.505, -2.60602
1.72883e+09, 2.21749, 152.274, -2.60803
1.72883e+09, 1.31075, 152.056, -2.6116
1.72883e+09, 0.409933, 151.83, -2.61094
1.72883e+09, -0.477252, 151.597, -2.61213
1.72883e+09, -1.33353, 151.371, -2.6165
1.72883e+09, -2.17979, 151.142, -2.62002
1.72883e+09, -3.02008, 150.915, -2.6234
1.72883e+09, -3.86513, 150.677, -2.63327
1.72883e+09, -4.6941, 150.443, -2.63901
1.72883e+09, -5.50959, 150.218, -2.63932
1.72883e+09, -6.32494, 149.985, -2.64461
1.72883e+09, -7.13379, 149.756, -2.64431
1.72883e+09, -7.92722, 149.521, -2.6397
1.72883e+09, -8.70147, 149.297, -2.63676
1.72883e+09, -9.45466, 149.081, -2.62815
1.72883e+09, -10.1978, 148.875, -2.63014
1.72883e+09, -10.9355, 148.694, -2.6335
1.72883e+09, -11.6617, 148.529, -2.64178
1.72883e+09, -12.3762, 148.356, -2.64714
1.72883e+09, -13.0743, 148.183, -2.65056
1.72883e+09, -13.7793, 148.016, -2.63932
1.72883e+09, -14.4704, 147.851, -2.63498
1.72883e+09, -15.1684, 147.687, -2.63837
1.72883e+09, -15.8667, 147.521, -2.64723
1.72883e+09, -16.5599, 147.358, -2.65356
1.72883e+09, -17.2344, 147.195, -2.64898
1.72883e+09, -17.9031, 147.028, -2.64736
1.72883e+09, -18.5758, 146.854, -2.63594
1.72883e+09, -19.2273, 146.694, -2.63563
1.72883e+09, -19.8824, 146.543, -2.64604
1.72883e+09, -20.533, 146.402, -2.65713
1.72883e+09, -21.156, 146.255, -2.6566
1.72883e+09, -21.7598, 146.129, -2.64819
1.72883e+09, -22.3383, 146.012, -2.64374
1.72883e+09, -22.8927, 145.906, -2.64641
1.72883e+09, -23.438, 145.803, -2.65437
1.72883e+09, -23.9759, 145.695, -2.65851
1.72883e+09, -24.5075, 145.568, -2.66499
1.72883e+09, -25.0185, 145.439, -2.65823
1.72883e+09, -25.4947, 145.325, -2.64633
1.72883e+09, -25.9691, 145.232, -2.64387
1.72883e+09, -26.4069, 145.152, -2.64781
1.72883e+09, -26.8477, 145.089, -2.64803
1.72883e+09, -27.295, 145.024, -2.65063
1.72883e+09, -27.7305, 144.975, -2.66693
1.72883e+09, -28.1585, 144.923, -2.69249
1.72883e+09, -28.5826, 144.878, -2.69766
1.72883e+09, -28.9853, 144.832, -2.69495
1.72883e+09, -29.3678, 144.796, -2.69133
1.72883e+09, -29.7399, 144.775, -2.68879
1.72883e+09, -30.1036, 144.773, -2.69634
1.72883e+09, -30.462, 144.763, -2.69713
1.72883e+09, -30.8016, 144.779, -2.69226
1.72883e+09, -31.1233, 144.805, -2.67871
1.72883e+09, -31.4247, 144.851, -2.67084
1.72883e+09, -31.7222, 144.901, -2.67909
1.72883e+09, -32.0441, 144.954, -2.6838
1.72883e+09, -32.3813, 145.027, -2.69421
1.72883e+09, -32.6969, 145.117, -2.71141
1.72883e+09, -32.9938, 145.189, -2.71226
1.72883e+09, -33.2701, 145.268, -2.69489
1.72883e+09, -33.5394, 145.364, -2.68307
1.72883e+09, -33.8002, 145.471, -2.67473
1.72883e+09, -34.0751, 145.591, -2.65641
1.72883e+09, -34.3516, 145.727, -2.64677
1.72883e+09, -34.6422, 145.885, -2.6745
1.72883e+09, -34.9369, 146.078, -2.71398
1.72883e+09, -35.2472, 146.295, -2.73654
1.72883e+09, -35.547, 146.532, -2.72585
1.72883e+09, -35.8394, 146.759, -2.71212
1.72883e+09, -36.1368, 146.991, -2.70467
1.72883e+09, -36.4219, 147.23, -2.69763
1.72883e+09, -36.709, 147.491, -2.68969
1.72883e+09, -36.9999, 147.793, -2.67201
1.72883e+09, -37.2868, 148.131, -2.6694
1.72883e+09, -37.5887, 148.501, -2.68465
1.72883e+09, -37.8747, 148.883, -2.71731
1.72883e+09, -38.1525, 149.295, -2.74191
1.72883e+09, -38.4174, 149.733, -2.7383
1.72883e+09, -38.6774, 150.198, -2.71817
1.72883e+09, -38.9336, 150.68, -2.70231
1.72883e+09, -39.1964, 151.176, -2.70338
1.72883e+09, -39.4495, 151.705, -2.72941
1.72883e+09, -39.7232, 152.262, -2.75437
1.72883e+09, -39.9961, 152.854, -2.75766
1.72883e+09, -40.2593, 153.474, -2.74758
1.72883e+09, -40.517, 154.11, -2.73411
1.72883e+09, -40.7654, 154.75, -2.74304
1.72883e+09, -41.0015, 155.403, -2.74653
1.72883e+09, -41.2218, 156.072, -2.75289
1.72883e+09, -41.4294, 156.761, -2.76295
1.72883e+09, -41.6168, 157.462, -2.76055
1.72883e+09, -41.7942, 158.166, -2.76739
1.72883e+09, -41.978, 158.88, -2.77549
1.72883e+09, -42.1684, 159.609, -2.78248
1.72883e+09, -42.3811, 160.354, -2.78108
1.72883e+09, -42.6061, 161.124, -2.76682
1.72883e+09, -42.8287, 161.893, -2.75208
1.72883e+09, -43.0471, 162.679, -2.74286
1.72883e+09, -43.275, 163.465, -2.74364
1.72883e+09, -43.5084, 164.258, -2.75561
1.72883e+09, -43.75, 165.046, -2.76184
1.72883e+09, -43.9901, 165.832, -2.7595
1.72883e+09, -44.2295, 166.604, -2.74915
1.72883e+09, -44.4755, 167.371, -2.75082
1.72883e+09, -44.7216, 168.144, -2.76716
1.72883e+09, -44.9664, 168.92, -2.78127
1.72883e+09, -45.1976, 169.726, -2.78227
1.72883e+09, -45.4309, 170.525, -2.78202
1.72883e+09, -45.6733, 171.312, -2.7727
1.72883e+09, -45.9201, 172.098, -2.7755
1.72883e+09, -46.1648, 172.892, -2.77953
1.72883e+09, -46.4054, 173.687, -2.79216
1.72883e+09, -46.6465, 174.483, -2.7962
1.72883e+09, -46.8871, 175.27, -2.79488
1.72883e+09, -47.1317, 176.044, -2.79182
1.72883e+09, -47.3701, 176.816, -2.80564
1.72883e+09, -47.6221, 177.579, -2.81452
1.72883e+09, -47.869, 178.331, -2.82347
1.72883e+09, -48.1171, 179.08, -2.82747
1.72883e+09, -48.3519, 179.831, -2.84518
1.72883e+09, -48.5897, 180.585, -2.8626
1.72883e+09, -48.8166, 181.333, -2.86861
1.72883e+09, -49.0447, 182.051, -2.87042
1.72883e+09, -49.2626, 182.75, -2.85126
1.72883e+09, -49.4992, 183.434, -2.83944
1.72883e+09, -49.7401, 184.111, -2.8462
1.72883e+09, -49.9738, 184.753, -2.87045
1.72883e+09, -50.1851, 185.373, -2.89273
1.72883e+09, -50.374, 185.977, -2.91312
1.72883e+09, -50.5682, 186.565, -2.90149
1.72883e+09, -50.764, 187.143, -2.87652
1.72883e+09, -50.9532, 187.691, -2.8736
1.72883e+09, -51.1285, 188.204, -2.87907
1.72883e+09, -51.301, 188.707, -2.8878
1.72883e+09, -51.4675, 189.185, -2.88719
1.72883e+09, -51.6239, 189.633, -2.89685
1.72883e+09, -51.7707, 190.056, -2.90477
1.72883e+09, -51.8974, 190.467, -2.91018
1.72883e+09, -52.0118, 190.867, -2.90592
1.72883e+09, -52.1159, 191.274, -2.90671
1.72883e+09, -52.2184, 191.687, -2.90748
1.72883e+09, -52.3147, 192.122, -2.90689
1.72883e+09, -52.4004, 192.566, -2.90853
1.72883e+09, -52.4793, 193.008, -2.90521
1.72883e+09, -52.5453, 193.433, -2.89582
1.72883e+09, -52.597, 193.855, -2.89404
1.72883e+09, -52.6306, 194.265, -2.90709
1.72883e+09, -52.6536, 194.67, -2.91977
1.72883e+09, -52.6742, 195.077, -2.90621
1.72883e+09, -52.6762, 195.484, -2.89666
1.72883e+09, -52.6434, 195.895, -2.89827
1.72883e+09, -52.5885, 196.295, -2.91056
1.72883e+09, -52.5391, 196.688, -2.93386
1.72883e+09, -52.4796, 197.063, -2.94462
1.72883e+09, -52.406, 197.424, -2.93876
1.72883e+09, -52.3272, 197.782, -2.9487
1.72883e+09, -52.2237, 198.132, -2.95194
1.72883e+09, -52.0933, 198.466, -2.9524
1.72883e+09, -51.9259, 198.802, -2.95433
1.72883e+09, -51.7451, 199.14, -2.93857
1.72883e+09, -51.5637, 199.482, -2.89858
1.72883e+09, -51.3833, 199.835, -2.86067
1.72883e+09, -51.1838, 200.191, -2.8869
1.72883e+09, -50.9628, 200.528, -2.9413
1.72883e+09, -50.7013, 200.842, -2.96372
1.72883e+09, -50.4219, 201.14, -2.94608
1.72883e+09, -50.1215, 201.433, -2.89975
1.72883e+09, -49.8104, 201.716, -2.8768
1.72883e+09, -49.4818, 202.013, -2.89935
1.72883e+09, -49.1186, 202.329, -2.93162
1.72883e+09, -48.7136, 202.634, -2.94539
1.72883e+09, -48.2956, 202.947, -2.9294
1.72883e+09, -47.8664, 203.236, -2.91058
1.72883e+09, -47.427, 203.512, -2.90978
1.72883e+09, -46.9618, 203.778, -2.92253
1.72883e+09, -46.4607, 204.059, -2.92563
1.72883e+09, -45.9363, 204.319, -2.90275
1.72883e+09, -45.3834, 204.565, -2.88205
1.72883e+09, -44.8096, 204.791, -2.87169
1.72883e+09, -44.2234, 204.996, -2.86948
1.72883e+09, -43.625, 205.181, -2.86917
1.72883e+09, -43.0018, 205.345, -2.87931
1.72883e+09, -42.3643, 205.516, -2.86094
1.72883e+09, -41.7059, 205.695, -2.85795
1.72883e+09, -41.0378, 205.893, -2.85907
1.72883e+09, -40.3672, 206.101, -2.85243
1.72883e+09, -39.6739, 206.311, -2.85412
1.72883e+09, -38.9629, 206.525, -2.85617
1.72883e+09, -38.234, 206.727, -2.84925
1.72883e+09, -37.4918, 206.912, -2.84384
1.72883e+09, -36.7265, 207.074, -2.84999
1.72883e+09, -35.955, 207.222, -2.84831
1.72883e+09, -35.1574, 207.365, -2.8524
1.72883e+09, -34.348, 207.517, -2.8656
1.72883e+09, -33.5367, 207.681, -2.85945
1.72883e+09, -32.7434, 207.855, -2.84169
1.72883e+09, -31.9702, 208.031, -2.82091
1.72883e+09, -31.1907, 208.208, -2.80928
1.72883e+09, -30.4065, 208.391, -2.82528
1.72883e+09, -29.6354, 208.587, -2.8326
1.72883e+09, -28.8665, 208.786, -2.81705
1.72883e+09, -28.0805, 208.989, -2.79114
1.72883e+09, -27.2814, 209.197, -2.79682
1.72883e+09, -26.4655, 209.417, -2.80735
1.72883e+09, -25.646, 209.642, -2.80678
1.72883e+09, -24.8375, 209.871, -2.79258
1.72883e+09, -24.0344, 210.089, -2.76973
1.72883e+09, -23.2309, 210.303, -2.75852
1.72883e+09, -22.4328, 210.499, -2.75763
1.72883e+09, -21.6399, 210.696, -2.76579
1.72883e+09, -20.8269, 210.907, -2.77809
1.72883e+09, -20.0245, 211.125, -2.77183
1.72883e+09, -19.2197, 211.342, -2.75207
1.72883e+09, -18.4181, 211.566, -2.73075
1.72883e+09, -17.6299, 211.786, -2.72382
1.72883e+09, -16.8358, 211.993, -2.71775
1.72883e+09, -16.0395, 212.186, -2.70798
1.72883e+09, -15.2398, 212.377, -2.70628
1.72883e+09, -14.425, 212.572, -2.69767
1.72883e+09, -13.6118, 212.767, -2.69599
1.72883e+09, -12.8318, 212.969, -2.71146
1.72883e+09, -12.0427, 213.168, -2.71852
1.72883e+09, -11.2595, 213.346, -2.71368
1.72883e+09, -10.4833, 213.533, -2.69269
1.72883e+09, -9.70334, 213.726, -2.69492
1.72883e+09, -8.91872, 213.923, -2.71819
1.72883e+09, -8.12502, 214.121, -2.73229
1.72883e+09, -7.34643, 214.31, -2.72316
1.72883e+09, -6.57153, 214.497, -2.71212
1.72883e+09, -5.80496, 214.673, -2.7111
1.72883e+09, -5.04727, 214.849, -2.70841
1.72883e+09, -4.30679, 215.031, -2.7084
1.72883e+09, -3.55511, 215.21, -2.69663
1.72883e+09, -2.81361, 215.39, -2.69217
1.72883e+09, -2.06364, 215.571, -2.69964
1.72883e+09, -1.31061, 215.747, -2.72223
1.72883e+09, -0.545658, 215.923, -2.72567
1.72883e+09, 0.208827, 216.096, -2.71144
1.72883e+09, 0.958985, 216.282, -2.69496
1.72883e+09, 1.70506, 216.459, -2.67204
1.72883e+09, 2.43255, 216.63, -2.66174
1.72883e+09, 3.14865, 216.805, -2.65406
1.72883e+09, 3.87631, 216.977, -2.67465
1.72883e+09, 4.60223, 217.154, -2.70309
1.72883e+09, 5.33473, 217.334, -2.70884
1.72883e+09, 6.05568, 217.529, -2.68916
1.72883e+09, 6.76049, 217.698, -2.67762
1.72883e+09, 7.44868, 217.847, -2.66579
1.72883e+09, 8.15277, 218.001, -2.66576
1.72883e+09, 8.87234, 218.175, -2.6792
1.72883e+09, 9.59758, 218.343, -2.68568
1.72883e+09, 10.2986, 218.509, -2.67418
1.72883e+09, 10.9936, 218.672, -2.63477
1.72883e+09, 11.6694, 218.847, -2.6154
1.72883e+09, 12.3497, 219.026, -2.61813
1.72883e+09, 13.0286, 219.195, -2.61513
1.72883e+09, 13.7121, 219.366, -2.61559
1.72883e+09, 14.374, 219.535, -2.6285
1.72883e+09, 15.0351, 219.716, -2.63616
1.72883e+09, 15.7025, 219.881, -2.64695
1.72883e+09, 16.3652, 220.027, -2.64338
1.72883e+09, 17.0271, 220.182, -2.63254
1.72883e+09, 17.6846, 220.34, -2.62307
1.72883e+09, 18.3379, 220.489, -2.61048
1.72883e+09, 18.9727, 220.641, -2.60972
1.72883e+09, 19.599, 220.789, -2.60518
1.72883e+09, 20.2199, 220.941, -2.60452
1.72883e+09, 20.8472, 221.098, -2.60332
1.72883e+09, 21.4735, 221.251, -2.60498
1.72883e+09, 22.0985, 221.409, -2.60762
1.72883e+09, 22.7174, 221.561, -2.6019
1.72883e+09, 23.3408, 221.706, -2.61044
1.72883e+09, 23.9615, 221.842, -2.61607
1.72883e+09, 24.5698, 221.993, -2.61373
1.72883e+09, 25.1637, 222.142, -2.61165
1.72883e+09, 25.7602, 222.289, -2.6085
1.72883e+09, 26.3544, 222.427, -2.60054
1.72883e+09, 26.9631, 222.537, -2.60413
1.72883e+09, 27.5738, 222.637, -2.60232
1.72883e+09, 28.1863, 222.762, -2.59872
1.72883e+09, 28.8133, 222.909, -2.60984
1.72883e+09, 29.4613, 223.055, -2.61132
1.72883e+09, 30.1235, 223.192, -2.5873
1.72883e+09, 30.7993, 223.306, -2.57178
1.72883e+09, 31.4795, 223.418, -2.56171
1.72883e+09, 32.1783, 223.538, -2.58356
1.72883e+09, 32.9018, 223.655, -2.59629
1.72883e+09, 33.6252, 223.766, -2.59497
1.72883e+09, 34.3644, 223.865, -2.58321
1.72883e+09, 35.1008, 223.961, -2.5758
1.72883e+09, 35.852, 224.062, -2.57483
1.72883e+09, 36.6033, 224.163, -2.58677
1.72883e+09, 37.378, 224.277, -2.60653
1.72883e+09, 38.1823, 224.386, -2.62082
1.72883e+09, 39.0048, 224.484, -2.62334
1.72883e+09, 39.8397, 224.585, -2.61106
1.72883e+09, 40.67, 224.679, -2.59419
1.72883e+09, 41.5197, 224.764, -2.58942
1.72883e+09, 42.3835, 224.858, -2.59088
1.72883e+09, 43.2553, 224.966, -2.59411
1.72883e+09, 44.1438, 225.074, -2.61884
1.72883e+09, 45.0444, 225.186, -2.6331
1.72883e+09, 45.9716, 225.317, -2.63297
1.72883e+09, 46.9136, 225.446, -2.62004
1.72883e+09, 47.8845, 225.575, -2.6152
1.72883e+09, 48.8407, 225.712, -2.61054
1.72883e+09, 49.803, 225.865, -2.6109
1.72883e+09, 50.7846, 226.017, -2.61892
1.72883e+09, 51.7615, 226.182, -2.62078
1.72883e+09, 52.7439, 226.352, -2.62641
1.72883e+09, 53.7364, 226.517, -2.62139
1.72883e+09, 54.717, 226.681, -2.60158
1.72883e+09, 55.6961, 226.853, -2.5931
1.72883e+09, 56.6832, 227.032, -2.59003
1.72883e+09, 57.6713, 227.218, -2.59846
1.72883e+09, 58.6647, 227.409, -2.60537
1.72883e+09, 59.6487, 227.597, -2.6098
1.72883e+09, 60.6433, 227.782, -2.59465
1.72883e+09, 61.6402, 227.949, -2.58236
1.72883e+09, 62.6237, 228.124, -2.56742
1.72883e+09, 63.6019, 228.303, -2.56642
1.72883e+09, 64.5741, 228.493, -2.58597
1.72883e+09, 65.5532, 228.685, -2.60326
1.72883e+09, 66.5388, 228.872, -2.60461
1.72883e+09, 67.5383, 229.057, -2.59133
1.72883e+09, 68.5211, 229.253, -2.5746
1.72883e+09, 69.4997, 229.463, -2.57
1.72883e+09, 70.4764, 229.669, -2.57411
1.72883e+09, 71.4352, 229.856, -2.58108
1.72883e+09, 72.4005, 230.036, -2.57552
1.72883e+09, 73.3574, 230.226, -2.57191
1.72883e+09, 74.3044, 230.424, -2.57178
1.72883e+09, 75.247, 230.641, -2.56794
1.72883e+09, 76.1882, 230.862, -2.56308
1.72883e+09, 77.1311, 231.088, -2.55449
1.72883e+09, 78.0822, 231.309, -2.55661
1.72883e+09, 79.0326, 231.511, -2.54835
1.72883e+09, 79.9735, 231.706, -2.56602
1.72883e+09, 80.9119, 231.9, -2.57411
1.72883e+09, 81.8659, 232.099, -2.57942
1.72883e+09, 82.8119, 232.301, -2.57907
1.72883e+09, 83.7478, 232.502, -2.5674
1.72883e+09, 84.6605, 232.694, -2.55683
1.72883e+09, 85.5549, 232.897, -2.548
1.72883e+09, 86.4514, 233.09, -2.5501
1.72883e+09, 87.3498, 233.282, -2.55386
1.72883e+09, 88.2571, 233.446, -2.56312
1.72883e+09, 89.1682, 233.619, -2.56788
1.72883e+09, 90.0667, 233.79, -2.55627
1.72883e+09, 90.9736, 233.953, -2.56626
1.72883e+09, 91.8936, 234.113, -2.56921
1.72883e+09, 92.8165, 234.267, -2.57287
1.72883e+09, 93.7313, 234.41, -2.57029
1.72883e+09, 94.6553, 234.543, -2.57447
1.72883e+09, 95.5835, 234.666, -2.56884
1.72883e+09, 96.5057, 234.785, -2.57214
1.72883e+09, 97.4261, 234.905, -2.57555
1.72883e+09, 98.3564, 235.008, -2.57327
1.72883e+09, 99.2948, 235.111, -2.57529
1.72883e+09, 100.242, 235.196, -2.57927
1.72883e+09, 101.182, 235.268, -2.58977
1.72883e+09, 102.127, 235.319, -2.60942
1.72883e+09, 103.086, 235.365, -2.62939
1.72883e+09, 104.05, 235.402, -2.63531
1.72883e+09, 105.005, 235.428, -2.63333
1.72883e+09, 105.981, 235.437, -2.63513
1.72883e+09, 106.957, 235.44, -2.64045
1.72883e+09, 107.919, 235.435, -2.6426
1.72883e+09, 108.866, 235.433, -2.64606
1.72883e+09, 109.806, 235.441, -2.64693
1.72883e+09, 110.745, 235.457, -2.63851
1.72883e+09, 111.694, 235.487, -2.62519
1.72883e+09, 112.643, 235.517, -2.62791
1.72883e+09, 113.593, 235.547, -2.63277
1.72883e+09, 114.54, 235.562, -2.65095
1.72883e+09, 115.474, 235.584, -2.65494
1.72883e+09, 116.391, 235.632, -2.64003
1.72883e+09, 117.304, 235.704, -2.6169
1.72883e+09, 118.212, 235.807, -2.61645
1.72883e+09, 119.13, 235.908, -2.63043
1.72883e+09, 120.06, 235.994, -2.63446
1.72883e+09, 121.015, 236.067, -2.63554
1.72883e+09, 121.954, 236.156, -2.62705
1.72883e+09, 122.881, 236.247, -2.61364
1.72883e+09, 123.787, 236.337, -2.59933
1.72883e+09, 124.682, 236.435, -2.59265
1.72883e+09, 125.573, 236.526, -2.59545
1.72883e+09, 126.458, 236.621, -2.60683
1.72883e+09, 127.318, 236.706, -2.62645
1.72883e+09, 128.149, 236.798, -2.62468
1.72883e+09, 128.976, 236.892, -2.61926
1.72883e+09, 129.796, 236.979, -2.60196
1.72883e+09, 130.602, 237.064, -2.585
1.72883e+09, 131.403, 237.143, -2.59587
1.72883e+09, 132.21, 237.221, -2.61609
1.72883e+09, 133.021, 237.307, -2.63494
1.72883e+09, 133.831, 237.39, -2.64753
1.72883e+09, 134.64, 237.476, -2.65897
1.72883e+09, 135.451, 237.547, -2.66087
1.72883e+09, 136.255, 237.609, -2.66225
1.72883e+09, 137.047, 237.678, -2.66274
1.72883e+09, 137.831, 237.762, -2.64892
1.72883e+09, 138.608, 237.856, -2.64469
1.72883e+09, 139.404, 237.944, -2.63633
1.72883e+09, 140.202, 238.041, -2.63332
1.72883e+09, 141.015, 238.135, -2.64122
1.72883e+09, 141.815, 238.233, -2.65782
1.72883e+09, 142.584, 238.33, -2.66779
1.72883e+09, 143.322, 238.41, -2.67672
1.72883e+09, 144.046, 238.476, -2.67005
1.72883e+09, 144.774, 238.559, -2.67535
1.72883e+09, 145.518, 238.646, -2.67984
1.72883e+09, 146.282, 238.745, -2.68373
1.72883e+09, 147.054, 238.854, -2.66926
1.72883e+09, 147.812, 238.96, -2.66459
1.72883e+09, 148.554, 239.077, -2.673
1.72883e+09, 149.296, 239.196, -2.69689
1.72883e+09, 150.033, 239.306, -2.71133
1.72883e+09, 150.746, 239.41, -2.70635
1.72883e+09, 151.453, 239.504, -2.70112
1.72883e+09, 152.137, 239.594, -2.70705
1.72883e+09, 152.795, 239.674, -2.70114
1.72883e+09, 153.413, 239.755, -2.6942
1.72883e+09, 154.01, 239.834, -2.68371
1.72883e+09, 154.559, 239.908, -2.6762
1.72883e+09, 155.082, 239.989, -2.67288
1.72883e+09, 155.59, 240.066, -2.69312
1.72883e+09, 156.06, 240.14, -2.71691
1.72883e+09, 156.508, 240.22, -2.72173
1.72883e+09, 156.951, 240.293, -2.70603
1.72883e+09, 157.374, 240.366, -2.68247
1.72883e+09, 157.796, 240.429, -2.67861
1.72883e+09, 158.224, 240.482, -2.68893
1.72883e+09, 158.648, 240.543, -2.69418
1.72883e+09, 159.07, 240.598, -2.70351
1.72883e+09, 159.49, 240.65, -2.68796
1.72883e+09, 159.894, 240.668, -2.6819
1.72883e+09, 160.286, 240.672, -2.67348
1.72883e+09, 160.65, 240.68, -2.66386
1.72883e+09, 160.993, 240.696, -2.6474
1.72883e+09, 161.301, 240.726, -2.63648
1.72883e+09, 161.59, 240.752, -2.64619
1.72883e+09, 161.879, 240.774, -2.65752
1.72883e+09, 162.165, 240.795, -2.65791
1.72883e+09, 162.452, 240.813, -2.64873
1.72883e+09, 162.732, 240.832, -2.63752
1.72883e+09, 163.026, 240.856, -2.63756
1.72883e+09, 163.337, 240.876, -2.64045
1.72883e+09, 163.658, 240.886, -2.64184
1.72883e+09, 163.961, 240.902, -2.63961
1.72883e+09, 164.259, 240.904, -2.63668
1.72883e+09, 164.543, 240.905, -2.64556
1.72883e+09, 164.837, 240.909, -2.64121
1.72883e+09, 165.142, 240.905, -2.63511
1.72883e+09, 165.451, 240.896, -2.63835
1.72883e+09, 165.774, 240.888, -2.64848
1.72883e+09, 166.116, 240.875, -2.66133
1.72883e+09, 166.452, 240.852, -2.67379
1.72883e+09, 166.793, 240.808, -2.66609
1.72883e+09, 167.153, 240.739, -2.65693
1.72883e+09, 167.515, 240.667, -2.657
1.72883e+09, 167.88, 240.588, -2.65983
1.72883e+09, 168.244, 240.515, -2.6733
1.72883e+09, 168.609, 240.439, -2.68945
1.72883e+09, 168.979, 240.337, -2.69574
1.72883e+09, 169.363, 240.202, -2.69687
1.72883e+09, 169.776, 240.043, -2.69251
1.72883e+09, 170.188, 239.861, -2.68337
1.72883e+09, 170.605, 239.668, -2.67643
1.72883e+09, 171.024, 239.464, -2.67982
1.72883e+09, 171.448, 239.24, -2.68492
1.72883e+09, 171.882, 238.993, -2.69579
1.72883e+09, 172.305, 238.727, -2.69719
1.72883e+09, 172.726, 238.421, -2.69427
1.72883e+09, 173.131, 238.112, -2.69048
1.72883e+09, 173.547, 237.789, -2.69676
1.72883e+09, 173.966, 237.443, -2.69837
1.72883e+09, 174.376, 237.079, -2.69743
1.72883e+09, 174.791, 236.687, -2.70389
1.72883e+09, 175.177, 236.26, -2.71078
1.72883e+09, 175.55